{
  "lessons_count": 0,
  "last_refresh_ts": "2026-06-02T10:57:59.204438456+00:00",
  "overall_trades": 2,
  "overall_wins": 1,
  "overall_losses": 1,
  "overall_net_pnl": -30.744640766026833,
  "lessons": []
}