{
"total_trades": 42,
"win_rate": 11.904762,
"net_pnl": -1061.635548,
"gross_pnl": -344.045927,
"total_fee": 312.625693,
"total_slippage": 404.963928,
"profit_factor": 0.061067,
"expectancy": -25.277037,
"avg_win": 13.809461,
"avg_loss": -30.558996,
"max_drawdown": 21.477894,
"max_consecutive_losses": 22,
"avg_trade_duration": 560000.000000
}